t,prey,predator
0.00,10.0000,5.0000
0.10,10.5316,4.6478
0.20,11.1282,4.3387
0.30,11.7927,4.0694
0.40,12.5281,3.8368
0.50,13.3381,3.6386
0.60,14.2264,3.4726
0.70,15.1966,3.3374
0.80,16.2525,3.2319
0.90,17.3977,3.1557
1.00,18.6349,3.1089
1.10,19.9665,3.0925
1.20,21.3934,3.1081
1.30,22.9147,3.1585
1.40,24.5272,3.2477
1.50,26.2241,3.3812
1.60,27.9939,3.5662
1.70,29.8191,3.8124
1.80,31.6739,4.1324
1.90,33.5221,4.5420
2.00,35.3144,5.0609
2.10,36.9861,5.7132
2.20,38.4551,6.5263
2.30,39.6219,7.5297
2.40,40.3734,8.7507
2.50,40.5924,10.2075
2.60,40.1747,11.8986
2.70,39.0536,13.7904
2.80,37.2260,15.8069
2.90,34.7707,17.8283
3.00,31.8465,19.7042
3.10,28.6654,21.2816
3.20,25.4497,22.4374
3.30,22.3893,23.1034
3.40,19.6151,23.2729
3.50,17.1952,22.9909
3.60,15.1459,22.3348
3.70,13.4487,21.3952
3.80,12.0670,20.2604
3.90,10.9579,19.0079
4.00,10.0794,17.7008
4.10,9.3939,16.3876
4.20,8.8697,15.1035
4.30,8.4809,13.8725
4.40,8.2068,12.7104
4.50,8.0313,11.6262
4.60,7.9420,10.6239
4.70,7.9295,9.7044
4.80,7.9869,8.8660
4.90,8.1093,8.1055
5.00,8.2933,7.4188
5.10,8.5370,6.8012
5.20,8.8394,6.2478
5.30,9.2005,5.7536
5.40,9.6211,5.3142
5.50,10.1027,4.9249
5.60,10.6473,4.5817
5.70,11.2574,4.2810
5.80,11.9360,4.0193
5.90,12.6863,3.7939
6.00,13.5118,3.6024
6.10,14.4164,3.4428
6.20,15.4037,3.3136
6.30,16.4775,3.2141
6.40,17.6411,3.1438
6.50,18.8974,3.1031
6.60,20.2482,3.0930
6.70,21.6944,3.1154
6.80,23.2346,3.1733
6.90,24.8649,3.2710
7.00,26.5776,3.4143
7.10,28.3604,3.6108
7.20,30.1940,3.8709
7.30,32.0507,4.2077
7.40,33.8920,4.6377
7.50,35.6656,5.1816
7.60,37.3034,5.8642
7.70,38.7197,6.7135
7.80,39.8117,7.7589
7.90,40.4646,9.0268
8.00,40.5620,10.5321
8.10,40.0053,12.2679
8.20,38.7387,14.1926
8.30,36.7747,16.2211
8.40,34.2091,18.2257
8.50,31.2146,20.0529
8.60,28.0091,21.5532
8.70,24.8112,22.6132
8.80,21.8003,23.1771
8.90,19.0944,23.2500
9.00,16.7498,22.8852
9.10,14.7742,22.1642
9.20,13.1443,21.1781
9.30,11.8214,20.0136
9.40,10.7624,18.7454
9.50,9.9259,17.4337
9.60,9.2755,16.1239
9.70,8.7807,14.8489
9.80,8.4166,13.6309
9.90,8.1637,12.4840
10.00,8.0066,11.4162
10.10,7.9335,10.4308
10.20,7.9357,9.5279
10.30,8.0066,8.7056
10.40,8.1417,7.9604
10.50,8.3380,7.2881
10.60,8.5936,6.6839
10.70,8.9078,6.1429
10.80,9.2809,5.6602
10.90,9.7138,5.2313
11.00,10.2080,4.8517
11.10,10.7657,4.5174
11.20,11.3894,4.2248
11.30,12.0823,3.9707
11.40,12.8475,3.7524
11.50,13.6888,3.5675
11.60,14.6099,3.4141
11.70,15.6144,3.2911
11.80,16.7062,3.1975
11.90,17.8883,3.1331
12.00,19.1637,3.0985
12.10,20.5339,3.0948
12.20,21.9993,3.1241
12.30,23.5582,3.1898
12.40,25.2059,3.2962
12.50,26.9341,3.4495
12.60,28.7289,3.6581
12.70,30.5698,3.9325
12.80,32.4269,4.2867
12.90,34.2592,4.7381
13.00,36.0113,5.3080
13.10,37.6117,6.0220
13.20,38.9710,6.9087
13.30,39.9835,7.9974
13.40,40.5328,9.3127
13.50,40.5046,10.8663
13.60,39.8065,12.6451
13.70,38.3948,14.5993
13.80,36.2983,16.6344
13.90,33.6298,18.6158
14.00,30.5741,20.3881
14.10,27.3532,21.8065
14.20,24.1806,22.7684
14.30,21.2241,23.2305
14.40,18.5888,23.2091
14.50,16.3196,22.7648
14.60,14.4167,21.9827
14.70,12.8525,20.9537
14.80,11.5867,19.7626
14.90,10.5760,18.4812
15.00,9.7800,17.1666
15.10,9.1634,15.8616
15.20,8.6970,14.5966
15.30,8.3569,13.3922
15.40,8.1245,12.2609
15.50,7.9853,11.2096
15.60,7.9281,10.2410
15.70,7.9447,9.3547
15.80,8.0290,8.5483
15.90,8.1767,7.8183
16.00,8.3851,7.1602
16.10,8.6526,6.5692
16.20,8.9787,6.0404
16.30,9.3639,5.5690
16.40,9.8090,5.1504
16.50,10.3159,4.7803
16.60,10.8868,4.4548
16.70,11.5243,4.1703
16.80,12.2315,3.9236
16.90,13.0119,3.7122
17.00,13.8691,3.5339
17.10,14.8068,3.3868
17.20,15.8287,3.2697
17.30,16.9385,3.1820
17.40,18.1394,3.1237
17.50,19.4339,3.0952
17.60,20.8234,3.0980
17.70,22.3080,3.1344
17.80,23.8854,3.2079
17.90,25.5503,3.3232
18.00,27.2933,3.4871
18.10,29.0994,3.7080
18.20,30.9463,3.9974
18.30,32.8021,4.3698
18.40,34.6231,4.8433
18.50,36.3508,5.4403
18.60,37.9101,6.1869
18.70,39.2081,7.1123
18.80,40.1362,8.2453
18.90,40.5773,9.6086
19.00,40.4194,11.2099
19.10,39.5782,13.0297
19.20,38.0225,15.0094
19.30,35.7982,17.0456
19.40,33.0343,18.9973
19.50,29.9268,20.7085
19.60,26.6995,22.0409
19.70,23.5591,22.9028
19.80,20.6614,23.2638
19.90,18.0984,23.1506
20.00,15.9047,22.6305
20.10,14.0733,21.7910
20.20,12.5730,20.7227
20.30,11.3624,19.5079
20.40,10.3984,18.2156
20.50,9.6415,16.9000
20.60,9.0575,15.6010
20.70,8.6184,14.3469
20.80,8.3016,13.1565
20.90,8.0891,12.0410
21.00,7.9674,11.0064
21.10,7.9258,10.0546
21.20,7.9565,9.1848
21.30,8.0539,8.3942
21.40,8.2141,7.6792
21.50,8.4346,7.0351
21.60,8.7140,6.4571
21.70,9.0521,5.9403
21.80,9.4493,5.4800
21.90,9.9068,5.0716
22.00,10.4264,4.7108
22.10,11.0106,4.3939
22.20,11.6620,4.1173
22.30,12.3838,3.8780
22.40,13.1794,3.6735
22.50,14.0526,3.5015
22.60,15.0071,3.3606
22.70,16.0466,3.2496
22.80,17.1747,3.1678
22.90,18.3944,3.1154
23.00,19.7080,3.0932
23.10,21.1169,3.1026
23.20,22.6206,3.1462
23.30,24.2163,3.2277
23.40,25.8979,3.3523
23.50,27.6552,3.5269
23.60,29.4716,3.7608
23.70,31.3233,4.0657
23.80,33.1760,4.4570
23.90,34.9833,4.9536
24.00,36.6835,5.5787
24.10,38.1978,6.3592
24.20,39.4300,7.3245
24.30,40.2689,8.5026
24.40,40.5970,9.9143
24.50,40.3060,11.5626
24.60,39.3201,13.4210
24.70,37.6224,15.4220
24.80,35.2756,17.4533
24.90,32.4246,19.3688
25.00,29.2747,21.0132
25.10,26.0496,22.2556
25.20,22.9478,23.0164
25.30,20.1126,23.2774
25.40,17.6233,23.0753
25.50,15.5047,22.4831
25.60,13.7434,21.5900
25.70,12.3055,20.4856
25.80,11.1483,19.2501
25.90,10.2293,17.9492
26.00,9.5100,16.6341
26.10,8.9576,15.3423
26.20,8.5449,14.0999
26.30,8.2505,12.9239
26.40,8.0575,11.8245
26.50,7.9527,10.8067
26.60,7.9264,9.8716
26.70,7.9710,9.0181
26.80,8.0814,8.2432
26.90,8.2540,7.5429
27.00,8.4865,6.9126
27.10,8.7778,6.3475
27.20,9.1278,5.8425
27.30,9.5371,5.3931
27.40,10.0071,4.9947
27.50,10.5396,4.6431
27.60,11.1372,4.3346
27.70,11.8026,4.0658
27.80,12.5391,3.8338
27.90,13.3502,3.6360
28.00,14.2395,3.4705
28.10,15.2110,3.3357
28.20,16.2682,3.2306
28.30,17.4146,3.1548
28.40,18.6532,3.1085
28.50,19.9861,3.0924
28.60,21.4143,3.1085
28.70,22.9370,3.1595
28.80,24.5507,3.2493
28.90,26.2487,3.3834
29.00,28.0195,3.5692
29.10,29.8453,3.8164
29.20,31.7003,4.1375
29.30,33.5480,4.5485
29.40,35.3391,5.0692
29.50,37.0085,5.7235
29.60,38.4740,6.5391
29.70,39.6357,7.5454
29.80,40.3805,8.7696
29.90,40.5911,10.2298
30.00,40.1638,11.9241
